醫院名稱,縣市,層級,原始回報年薪,底薪,實際計薪月數(新欄位),小夜津貼_單班,全年小夜班數(新欄位),大夜津貼_單班,全年大夜班數(新欄位),年終獎金原文,年終獎金換算結果,其他固定獎金(新欄位),重新計算總額,差額,誤差百分比,驗算狀態,缺少欄位,目前是否仍顯示原始數字,數學不可能警示,__id
童綜合醫院（梧棲）,台中市,區域醫院,,42300,,500,,700,,約1.5個月,,,,,,no_annual_reported,,—（本來就沒有回報年薪數字）,,0FkTCu8VM96KH8KNpqgq
秀傳紀念醫院,彰化縣,醫學中心,,37600,,600,,720,,1個月,,,,,,no_annual_reported,,—（本來就沒有回報年薪數字）,,0pxI4Sp0RSGgSpUrgYkD
國軍花蓮總醫院,花蓮縣,軍職醫院,750000,40000,,500,,700,,1.5個月,,,,,,unverifiable,實際計薪月數；全年小夜班數；全年大夜班數,是（維持顯示原始回報數字，並標示狀態）,,0sS9e9so4lZ4RwJHhmbN
嘉南療養院,台南市,區域醫院,,34439,,400,,500,,最高1.5個月,,,,,,no_annual_reported,,—（本來就沒有回報年薪數字）,,1fIHfYkIIwIEcxw10FYA
新光吳火獅紀念醫院,台北市,醫學中心,,46030,,700,,900,,3.5個月,,,,,,no_annual_reported,,—（本來就沒有回報年薪數字）,,22etqaKHRXY95YU6dhNS
臺大癌醫中心分院,台北市,醫學中心,,47000,,600,,840,,底薪1.5個月+績效,,,,,,no_annual_reported,,—（本來就沒有回報年薪數字）,,3n8ZRbhbQteeCboFo7Bi
奇美醫療財團法人奇美醫院,台南市,醫學中心,940000,41758,,470,,940,,85000元,,,,,,unverifiable,實際計薪月數；全年小夜班數；全年大夜班數,是（維持顯示原始回報數字，並標示狀態）,,4O0KDFbMsn21OCzRVpQB
中國醫藥大學附設醫院,台中市,醫學中心,,40000,,500,,700,,2.5個月(端午/中秋各0.5+年終1.5),,,,,,no_annual_reported,,—（本來就沒有回報年薪數字）,,61D506v9gluDeN9qBjYJ
維新精神專科醫院,台中市,地區醫院,,,,500,,700,,約2萬,,,,,,no_annual_reported,,—（本來就沒有回報年薪數字）,,6Ky1xJOnrzMReftMR9Kf
臺中榮民總醫院,台中市,醫學中心,,,,600,,840,,,,,,,,no_annual_reported,,—（本來就沒有回報年薪數字）,,8NyMj7syuJu2haeYScHI
振興醫療財團法人振興醫院,台北市,區域醫院,,,,,,,,,,,,,,no_annual_reported,,—（本來就沒有回報年薪數字）,,98iIrscKGQ9QSii9r9XX
國軍北投醫院,台北市,軍職醫院,1150000,,,600,,840,,1.5個月,,,,,,unverifiable,底薪（月薪固定收入）；實際計薪月數；全年小夜班數；全年大夜班數；年終獎金換算基準（年終獎金為「1.5個月」（月數制），但底薪缺漏，無法換算金額）,是（維持顯示原始回報數字，並標示狀態）,,9heMkxnmaQHrUMxnJDw9
臺北市立聯合醫院,台北市,區域醫院,,43500,,,,,,,,,,,,no_annual_reported,,—（本來就沒有回報年薪數字）,,BcuHmH1gRPqtYGmsxnyO
和信治癌中心醫院,台北市,醫學中心,800000,49000,,500,,700,,約10萬(1個月+考績),,,,,,unverifiable,實際計薪月數；全年小夜班數；全年大夜班數；年終獎金換算基準（年終獎金文字「約10萬(1個月+考績)」格式不明確（例如混合月數與績效、或多個條件並列），無法確定唯一換算基準）,是（維持顯示原始回報數字，並標示狀態）,,CYOnSoc5YzSYKQyTDLRj
衛生福利部玉里醫院,花蓮縣,地區醫院,650000,,,,,,,,,,,,,unverifiable,底薪（月薪固定收入）；實際計薪月數；全年小夜班數；全年大夜班數；年終獎金換算基準（年終獎金欄位空白（無法判斷是「真的沒有」還是「沒填」））,是（維持顯示原始回報數字，並標示狀態）,,Ccuy7Yh7kJBs5M7qjalo
衛生福利部臺南醫院,台南市,區域醫院,,35000,,,,,,1~1.5個月,,,,,,no_annual_reported,,—（本來就沒有回報年薪數字）,,CtZ6RJwuTh9PlGmpBKEw
國軍臺中總醫院,台中市,軍職醫院,1150000,,,400,,600,,1.5個月,,,,,,unverifiable,底薪（月薪固定收入）；實際計薪月數；全年小夜班數；全年大夜班數；年終獎金換算基準（年終獎金為「1.5個月」（月數制），但底薪缺漏，無法換算金額）,是（維持顯示原始回報數字，並標示狀態）,,DRdsIIboCH1syzzQdbvC
臺北榮民總醫院,台北市,醫學中心,890000,60000,,600,,840,,1.5個月,,,,,,unverifiable,實際計薪月數；全年小夜班數；全年大夜班數,是（維持顯示原始回報數字，並標示狀態）,,DoS7HlfPhJ2pUlJbu3MA
林口長庚紀念醫院,桃園市,醫學中心,,,,650,,900,,6個月底薪,,,,,,no_annual_reported,,—（本來就沒有回報年薪數字）,,FsckVdyGPTNyKqJCHSIf
馬偕紀念醫院新竹分院,新竹市,區域醫院,,39000,,600,,800,,,,,,,,no_annual_reported,,—（本來就沒有回報年薪數字）,,GR204aovF9mdqc7h2O20
臺中榮民總醫院埔里分院,南投縣,區域醫院,,42000,,500,,700,,,,,,,,no_annual_reported,,—（本來就沒有回報年薪數字）,,JIi72e9IMxHE9qtuRJDA
萬芳醫院,台北市,區域醫院,,,,400,,600,,,,,,,,no_annual_reported,,—（本來就沒有回報年薪數字）,,K4Pet8E6vE5GY5tBFmNS
衛生福利部桃園醫院,桃園市,區域醫院,,47500,,600,,840,,1.5個月,,,,,,no_annual_reported,,—（本來就沒有回報年薪數字）,,KyxOG9KT3syGqLcU71Mx
國立陽明交通大學附設醫院,宜蘭縣,區域醫院,660000,,,,,,,,,,,,,unverifiable,底薪（月薪固定收入）；實際計薪月數；全年小夜班數；全年大夜班數；年終獎金換算基準（年終獎金欄位空白（無法判斷是「真的沒有」還是「沒填」））,是（維持顯示原始回報數字，並標示狀態）,,MFxUFl79CbR7qA0TjRML
林新醫院（南屯）,台中市,區域醫院,640000,,,,,,,,,,,,,unverifiable,底薪（月薪固定收入）；實際計薪月數；全年小夜班數；全年大夜班數；年終獎金換算基準（年終獎金欄位空白（無法判斷是「真的沒有」還是「沒填」））,是（維持顯示原始回報數字，並標示狀態）,,Mti9g0ZktMRqoAYKEJAD
佛教慈濟醫療財團法人花蓮慈濟醫院,花蓮縣,醫學中心,750000,38000,,540,,800,,1.5~2個月,,,,,,unverifiable,實際計薪月數；全年小夜班數；全年大夜班數；年終獎金換算基準（年終獎金文字「1.5~2個月」格式不明確（例如混合月數與績效、或多個條件並列），無法確定唯一換算基準）,是（維持顯示原始回報數字，並標示狀態）,,ORD9dg3QwyNaxaAW20ID
亞東紀念醫院,新北市,醫學中心,,,,500,,700,,,,,,,,no_annual_reported,,—（本來就沒有回報年薪數字）,,OXtotFQpamSQTJxFc4U1
財團法人門諾社會福利慈善事業基金會門諾醫院,花蓮縣,區域醫院,,36400,,500,,700,,約5萬,,,,,,no_annual_reported,,—（本來就沒有回報年薪數字）,,PZSt4gXr1iJEteQMkp7Y
衛生福利部彰化醫院,彰化縣,區域醫院,1100000,45000,,500,,700,,,,,,,,unverifiable,實際計薪月數；全年小夜班數；全年大夜班數；年終獎金換算基準（年終獎金欄位空白（無法判斷是「真的沒有」還是「沒填」））,是（維持顯示原始回報數字，並標示狀態）,,Qkb2wTU0HlqJOVJApb0V
樹林仁愛醫院,新北市,地區醫院,650000,,,,,,,,,,,,,unverifiable,底薪（月薪固定收入）；實際計薪月數；全年小夜班數；全年大夜班數；年終獎金換算基準（年終獎金欄位空白（無法判斷是「真的沒有」還是「沒填」））,是（維持顯示原始回報數字，並標示狀態）,,S7c556Zdzvj0OnFrV2qV
國立臺灣大學醫學院附設醫院雲林分院,雲林縣,區域醫院,,39000,,500,,700,,,,,,,,no_annual_reported,,—（本來就沒有回報年薪數字）,,UQqB8bCcSdc3hARIlFbO
林新醫院（烏日）,台中市,區域醫院,600000,,,,,,,,,,,,,unverifiable,底薪（月薪固定收入）；實際計薪月數；全年小夜班數；全年大夜班數；年終獎金換算基準（年終獎金欄位空白（無法判斷是「真的沒有」還是「沒填」））,是（維持顯示原始回報數字，並標示狀態）,,UiZ0sE3Wy47nFP1P2JrG
義大醫療財團法人義大醫院,高雄市,醫學中心,720000,37000,,500,,800,,,,,,,,unverifiable,實際計薪月數；全年小夜班數；全年大夜班數；年終獎金換算基準（年終獎金欄位空白（無法判斷是「真的沒有」還是「沒填」））,是（維持顯示原始回報數字，並標示狀態）,,VdVUy4zJ8uovpg0Qr4XC
嘉義基督教醫院,嘉義市,區域醫院,710000,38500,,400,,600,,,,,,,,unverifiable,實際計薪月數；全年小夜班數；全年大夜班數；年終獎金換算基準（年終獎金欄位空白（無法判斷是「真的沒有」還是「沒填」））,是（維持顯示原始回報數字，並標示狀態）,,WArTg7R9EDxFDxj35STo
台安醫院,台北市,區域醫院,600000,,,600,,900,,2.5個月全薪(約8萬),,,,,,unverifiable,底薪（月薪固定收入）；實際計薪月數；全年小夜班數；全年大夜班數；年終獎金換算基準（年終獎金文字「2.5個月全薪(約8萬)」格式不明確（例如混合月數與績效、或多個條件並列），無法確定唯一換算基準）,是（維持顯示原始回報數字，並標示狀態）,,WBIs4sIKgPgFxJBv6UUf
南投醫院,南投縣,區域醫院,,35000,,500,,700,,,,,,,,no_annual_reported,,—（本來就沒有回報年薪數字）,,X82M5MpGQZZww77SdnKb
國軍桃園總醫院,桃園市,軍職醫院,1000000,,,500,,700,,1.5個月,,,,,,unverifiable,底薪（月薪固定收入）；實際計薪月數；全年小夜班數；全年大夜班數；年終獎金換算基準（年終獎金為「1.5個月」（月數制），但底薪缺漏，無法換算金額）,是（維持顯示原始回報數字，並標示狀態）,,XUSZRfhP7xw43jxZOqcO
高雄榮民總醫院,高雄市,醫學中心,,,,450,,600,,,,,,,,no_annual_reported,,—（本來就沒有回報年薪數字）,,XhtmzVpp2M2Wp4DGK7Gu
行天宮醫療志業恩主公醫院,新北市,區域醫院,,38300,,500,,700,,,,,,,,no_annual_reported,,—（本來就沒有回報年薪數字）,,YOcp3SNYKaWYc8u5kbti
高雄醫學大學附設中和紀念醫院,高雄市,醫學中心,950000,,,,,,,,,,,,,unverifiable,底薪（月薪固定收入）；實際計薪月數；全年小夜班數；全年大夜班數；年終獎金換算基準（年終獎金欄位空白（無法判斷是「真的沒有」還是「沒填」））,是（維持顯示原始回報數字，並標示狀態）,,Zqe9F28Moq3tChuR2GpR
土城醫院,新北市,區域醫院,700000,,,,,,,,,,,,,unverifiable,底薪（月薪固定收入）；實際計薪月數；全年小夜班數；全年大夜班數；年終獎金換算基準（年終獎金欄位空白（無法判斷是「真的沒有」還是「沒填」））,是（維持顯示原始回報數字，並標示狀態）,,aKqsKSRiaMw8GiJy3RhR
大林慈濟醫院,嘉義縣,醫學中心,,34000,,500,,700,,,,,,,,no_annual_reported,,—（本來就沒有回報年薪數字）,,bqivxaYTQmGbGtoKyx00
淡水馬偕紀念醫院,新北市,區域醫院,,,,600,,800,,,,,,,,no_annual_reported,,—（本來就沒有回報年薪數字）,,cNAcefHF1kcIb8NVc7m0
安南醫院,台南市,區域醫院,,35500,,400,,600,,,,,,,,no_annual_reported,,—（本來就沒有回報年薪數字）,,eRGVNuJHE4UuzzRvjlVm
衛生福利部臺中醫院,台中市,區域醫院,,37000,,400,,600,,,,,,,,no_annual_reported,,—（本來就沒有回報年薪數字）,,ebSqgNZTUdN0Qj66X7GN
衛生福利部花蓮醫院,花蓮縣,區域醫院,,43000,,360,,480,,,,,,,,no_annual_reported,,—（本來就沒有回報年薪數字）,,hQKGzd0D3PEWJfDZI2Mo
中山醫學大學附設醫院,台中市,醫學中心,,39000,,450,,600,,2.2個月+績效,,,,,,no_annual_reported,,—（本來就沒有回報年薪數字）,,hjsS02t69GlWt4SsQO4p
臺北慈濟醫院,台北市,醫學中心,,,,500,,700,,,,,,,,no_annual_reported,,—（本來就沒有回報年薪數字）,,i6B1WgV44LlYBfo1kVym
臺大醫院,台北市,醫學中心,,,,,,,,,,,,,,no_annual_reported,,—（本來就沒有回報年薪數字）,,iZtDXZccOBkHpNRDTZeh
衛生福利部雙和醫院,新北市,醫學中心,,37160,,400,,600,,,,,,,,no_annual_reported,,—（本來就沒有回報年薪數字）,,ioFk3dcIVs82i5LFlLY0
耕莘醫院,新北市,區域醫院,690000,,,,,,,,,,,,,unverifiable,底薪（月薪固定收入）；實際計薪月數；全年小夜班數；全年大夜班數；年終獎金換算基準（年終獎金欄位空白（無法判斷是「真的沒有」還是「沒填」））,是（維持顯示原始回報數字，並標示狀態）,,jHYLno4vQ6G6spmQImCY
三軍總醫院,台北市,軍職醫院,1300000,41000,,500,,700,,1.5個月,,,,,,unverifiable,實際計薪月數；全年小夜班數；全年大夜班數,是（維持顯示原始回報數字，並標示狀態）,,jISEqagkzf4qHTdc91nC
衛生福利部臺北醫院,新北市,區域醫院,850000,44000,,500,,700,,,,,,,,unverifiable,實際計薪月數；全年小夜班數；全年大夜班數；年終獎金換算基準（年終獎金欄位空白（無法判斷是「真的沒有」還是「沒填」））,是（維持顯示原始回報數字，並標示狀態）,,kE1IgHA1AhqQcRwyHEx5
臺北榮民總醫院玉里分院,花蓮縣,區域醫院,,,,,,900,,,,,,,,no_annual_reported,,—（本來就沒有回報年薪數字）,,mKIty4QL5TNVz9MweeCP
彰化基督教醫院,彰化縣,醫學中心,,43000,,360,,620,,2.8個月(約7.75萬),,,,,,no_annual_reported,,—（本來就沒有回報年薪數字）,,mn57zAKvOFYQu0rdhtL9
臺北醫學大學附設醫院,台北市,醫學中心,,,,500,,700,,,,,,,,no_annual_reported,,—（本來就沒有回報年薪數字）,,o8HOKLQmSuh0fsdxiQBK
臺中慈濟醫院,台中市,醫學中心,,34010,,400,,600,,約4萬(1.5個月底薪),,,,,,no_annual_reported,,—（本來就沒有回報年薪數字）,,qx5g6SbwJvL4Ac1162Vq
國軍臺北總醫院松山分院,台北市,軍職醫院,950000,,,600,,840,,1.5個月,,,,,,unverifiable,底薪（月薪固定收入）；實際計薪月數；全年小夜班數；全年大夜班數；年終獎金換算基準（年終獎金為「1.5個月」（月數制），但底薪缺漏，無法換算金額）,是（維持顯示原始回報數字，並標示狀態）,,rRHlrs2Qk9K1kKZEZFP3
臺南市立醫院,台南市,區域醫院,825000,,,,,,,,,,,,,unverifiable,底薪（月薪固定收入）；實際計薪月數；全年小夜班數；全年大夜班數；年終獎金換算基準（年終獎金欄位空白（無法判斷是「真的沒有」還是「沒填」））,是（維持顯示原始回報數字，並標示狀態）,,sC9ltvki6pan4v6CLC6v
衛生福利部嘉義醫院,嘉義市,區域醫院,670000,,,,,,,,,,,,,unverifiable,底薪（月薪固定收入）；實際計薪月數；全年小夜班數；全年大夜班數；年終獎金換算基準（年終獎金欄位空白（無法判斷是「真的沒有」還是「沒填」））,是（維持顯示原始回報數字，並標示狀態）,,ujCkztzwNrJBJDJ3fnWx
國立成功大學醫學院附設醫院,台南市,醫學中心,940000,41000,,500,,700,,1.5個月,,,,,,unverifiable,實際計薪月數；全年小夜班數；全年大夜班數,是（維持顯示原始回報數字，並標示狀態）,,vu57KXXTvjrfSWdciweg
大里仁愛醫院,台中市,區域醫院,,39500,,350,,550,,,,,,,,no_annual_reported,,—（本來就沒有回報年薪數字）,,wOHFxq1aVMjBX5GuQ5Yj
中國醫藥大學北港附設醫院,雲林縣,區域醫院,,35000,,400,,600,,2.5個月,,,,,,no_annual_reported,,—（本來就沒有回報年薪數字）,,weLvf0MviFOjHQ1YWtWR
禾馨婦產科診所,台北市,診所,,44000,,,,,,,,,,,,no_annual_reported,,—（本來就沒有回報年薪數字）,,x3nxjstfqm0peqK4TIwB
國泰綜合醫院,台北市,醫學中心,,47000,,563,,770,,2.8個月(約7萬),,,,,,no_annual_reported,,—（本來就沒有回報年薪數字）,,yU9yJD44HsBp5jsR7YNC
員林基督教醫院,彰化縣,區域醫院,,33300,,360,,620,,,,,,,,no_annual_reported,,—（本來就沒有回報年薪數字）,,yf5wtihYFvtMzF6bjTfj
輔仁大學附設醫院,新北市,區域醫院,,,,500,,700,,1.5個月,,,,,,no_annual_reported,,—（本來就沒有回報年薪數字）,,zTWZvKPTcsag6WGiaXX7